second,EDA
155,1.6783994645961542
345,1.6508861927557086
535,1.6297301509282258
725,1.6267517579933404
915,1.6199567804709305
1105,1.5936269149124689
1295,1.5627808841834825
1485,1.5490699378578736
1675,1.5579867077828844
1865,1.5810642123592216
2055,1.5976441830612234
