second,EDA
2245,0.19045365011396034
2435,0.19349538621745674
2625,0.1933388355053774
2815,0.1872012680693785
3005,0.18090431187475695
3195,0.18048582197029256
3385,0.18350568942255008
3575,0.1845269056784488
3765,0.18301145738470648
3955,0.1813657247762505
4145,0.18076967221006754
