second,EDA
8516,0.7528912650466508
8706,0.750955028467805
8896,0.7517721183249104
9086,0.7504716738936751
9276,0.7477920290075113
9466,0.7476625052092691
9656,0.7496628255085876
9846,0.7503706706773813
10036,0.7488921386363816
10226,0.746387018785359
10416,0.7429530325676107
