second,EDA
6426,0.7550662955878582
6616,0.7568409239943722
6806,0.7566531773374505
6996,0.7582386404361035
7186,0.7651324578869945
7376,0.7682509736794906
7566,0.761206846578664
7756,0.7537826203545449
7946,0.7554029657417642
8136,0.7599837557327476
8326,0.7583028967884032
