second,EDA
4336,0.7704398711502706
4526,0.7735164287144464
4716,0.77553689967097
4906,0.7761120510490712
5096,0.7711990566520621
5286,0.7591009412214283
5476,0.7475570852962432
5666,0.7470755241347868
5856,0.7551319862361369
6046,0.7589720489527505
6236,0.7561185866167994
