second,EDA
4335,0.18068258338939255
4525,0.1802523405350097
4715,0.18016489305491867
4905,0.18049434927809785
5095,0.1780351828211698
5285,0.17210453202059878
5475,0.16818874731688102
5665,0.16916255276180334
5855,0.17051748623480814
6045,0.16861706762420547
6235,0.1657400552923155
