second,EDA
155,0.2220875706514828
345,0.21581650242506445
535,0.20864971847840286
725,0.20238148270779194
915,0.1989524910553855
1105,0.1987480002301027
1295,0.20068730383821773
1485,0.2023316091493203
1675,0.20065893146587266
1865,0.19539563975281365
2055,0.1906044643010384
