second,EDA
2245,1.5879435001025906
2435,1.5625216988649555
2625,1.5500147070904575
2815,1.5524078832119457
3005,1.5497430119853453
3195,1.5382447113512756
3385,1.5298198710361832
3575,1.5276145303101851
3765,1.5258488165271882
3955,1.524285363194121
4145,1.5268526263193696
