second,EDA
4335,1.530501415716056
4525,1.528114701736364
4715,1.5205688519199565
4905,1.51489374584596
5095,1.512727871559678
5285,1.5101681710009467
5475,1.5059972965166049
5665,1.502536246754757
5855,1.5010740007187722
6045,1.5009213089339344
6235,1.5007188901829829
