second,EDA
6425,1.4993038680564084
6615,1.496830112249884
6805,1.4937079789780716
6995,1.488681706487444
7185,1.4816798470043355
7375,1.4762039289546585
7565,1.4743120181966327
7755,1.4732725475992268
7945,1.4706203251430716
8135,1.4675889476095636
8325,1.4656711970551943
