second,EDA
8515,1.464213877782074
8705,1.4620308774403337
8895,1.458584045420666
9085,1.454098578997879
9275,1.4496338793167758
9465,1.4460575776052416
9655,1.4432911303189226
9845,1.44128087094419
10035,1.4404984177648292
10225,1.4402412727393217
10415,1.4373443083267283
