second,EDA
10605,1.4308800291735615
10795,1.4264409200373636
10985,1.4257385062010601
11175,1.4199691844313087
11365,1.4078709482530911
11555,1.4009270182819036
11745,1.3990153898702795
11935,1.3884007965200025
12125,1.3660587405204772
12315,1.3405030075358837
12505,1.313798452529469
