second,EDA
12695,1.2804931597758575
12885,1.243648920432418
13075,1.2219879130949518
13265,1.2278740027846928
13455,1.2437151372302242
13645,1.245477186933167
13835,1.2403530198453494
14025,1.2476638129595763
14215,1.2576499107945698
14405,1.2449284590885326
14595,1.2064039601571872
