second,EDA
14785,1.1644673002758794
14975,1.1539054403911593
15165,1.1981958534508577
15355,1.2675086269546785
15545,1.2942510464232757
15735,1.264140050423722
15925,1.240973873159073
16115,1.2696876241679738
16305,1.315281403654713
16495,1.332057367126525
16685,1.331461363176368
