second,EDA
156,0.7813035234356288
346,0.7676287068807806
536,0.7810124842428078
726,0.8026020570671984
916,0.8068857576878146
1106,0.7995166117835983
1296,0.7932395945897179
1486,0.7844728700206356
1676,0.7713264804580244
1866,0.7674987661580244
2056,0.7812376652642039
