second,EDA
2246,0.7969055134117572
2436,0.7951637959102866
2626,0.7808911789806551
2816,0.7731931285222416
3006,0.7771648306202021
3196,0.7828336288534044
3386,0.7830912438886671
3576,0.7780482309581421
3766,0.7704055685124169
3956,0.7653151664100929
4146,0.7663320005308589
